exchange,symbol,timestamp,local_timestamp,type,strike_price,expiration,open_interest,last_price,bid_price,bid_amount,bid_iv,ask_price,ask_amount,ask_iv,mark_price,mark_iv,underlying_index,underlying_price,delta,gamma,vega,theta,rho
deribit,BTC-10JAN20-7250-P,2019-12-31 23:57:41.465,2020-01-01 00:00:00.328917,put,7250,2020-01-10 08:00:00,81.7,0.0395,0.034,36.3,45.09,0.038,39.9,51.38,0.03576822,47.87,SYN.BTC-10JAN20,7180.4,-0.53496,0.00072,4.56309,-11.70177,-1.0479
deribit,BTC-10JAN20-7250-P,2020-01-01 00:00:31.904,2020-01-01 00:00:31.913437,put,7250,2020-01-10 08:00:00,81.7,0.0395,0.0345,18.0,45.63,0.038,21.9,51.14,0.03592629,47.88,SYN.BTC-10JAN20,7178.49,-0.53633,0.00072,4.5603,-11.69819,-1.05035
deribit,BTC-10JAN20-7250-P,2020-01-01 00:00:33.410,2020-01-01 00:00:33.418622,put,7250,2020-01-10 08:00:00,81.7,0.0395,0.0345,36.2,45.4,0.0385,18.0,51.7,0.03599976,47.76,SYN.BTC-10JAN20,7176.65,-0.53782,0.00072,4.55753,-11.66283,-1.05296
deribit,BTC-10JAN20-7250-P,2020-01-01 00:00:59.078,2020-01-01 00:00:59.087244,put,7250,2020-01-10 08:00:00,81.7,0.0395,0.0345,22.9,45.09,0.039,22.0,52.18,0.03626917,47.88,SYN.BTC-10JAN20,7174.18,-0.53944,0.00072,4.55416,-11.68227,-1.05606
deribit,BTC-10JAN20-7250-P,2020-01-01 00:01:03.872,2020-01-01 00:01:03.881055,put,7250,2020-01-10 08:00:00,81.7,0.0395,0.035,18.0,45.94,0.0385,13.5,51.45,0.03623327,47.88,SYN.BTC-10JAN20,7174.66,-0.53909,0.00072,4.55486,-11.68462,-1.05543
deribit,BTC-10JAN20-7250-P,2020-01-01 00:01:04.163,2020-01-01 00:01:04.171656,put,7250,2020-01-10 08:00:00,81.7,0.0395,0.035,18.0,45.94,0.039,31.5,52.24,0.03623092,47.88,SYN.BTC-10JAN20,7174.66,-0.53909,0.00072,4.55486,-11.68462,-1.05543
deribit,BTC-31JAN20-7000-C,2020-01-01 00:04:07.478,2020-01-01 00:04:50.356437,call,7000,2020-01-31 08:00:00,242.2,0.074,0.0765,14.5,54.48,0.0805,34.9,58.08,0.07899393,56.76,SYN.BTC-31JAN20,7198.64,0.5998,0.00033,8.01804,-7.50195,3.11513
deribit,BTC-31JAN20-7000-C,2020-01-01 00:05:18.356,2020-01-01 00:05:18.380835,call,7000,2020-01-31 08:00:00,242.2,0.074,0.0765,14.5,54.56,0.08,14.5,57.7,0.07890464,56.85,SYN.BTC-31JAN20,7197.44,0.59935,0.00033,8.01904,-7.51475,3.11185
deribit,BTC-31JAN20-7000-C,2020-01-01 00:21:00.022,2020-01-01 00:21:00.031380,call,7000,2020-01-31 08:00:00,242.2,0.074,0.076,14.5,54.23,0.08,39.9,57.82,0.07874375,56.69,SYN.BTC-31JAN20,7195.84,0.59893,0.00033,8.01801,-7.49615,3.10926
deribit,BTC-31JAN20-7000-C,2020-01-01 00:21:00.031,2020-01-01 00:21:00.040489,call,7000,2020-01-31 08:00:00,242.2,0.074,0.0745,14.4,52.88,0.08,39.9,57.82,0.07874375,56.69,SYN.BTC-31JAN20,7195.84,0.59893,0.00033,8.01801,-7.49615,3.10926
deribit,BTC-31JAN20-7000-C,2020-01-01 00:21:00.048,2020-01-01 00:21:00.056868,call,7000,2020-01-31 08:00:00,242.2,0.074,0.075,14.5,53.33,0.08,39.9,57.82,0.07874375,56.69,SYN.BTC-31JAN20,7195.84,0.59893,0.00033,8.01801,-7.49615,3.10926
deribit,BTC-31JAN20-7000-C,2020-01-01 00:21:00.325,2020-01-01 00:21:00.333282,call,7000,2020-01-31 08:00:00,242.2,0.074,0.0755,14.5,53.78,0.08,39.9,57.82,0.07874526,56.69,SYN.BTC-31JAN20,7195.84,0.59893,0.00033,8.01801,-7.49615,3.10926
deribit,BTC-10JAN20-7250-P,2020-01-01 00:30:47.297,2020-01-01 00:30:47.305293,put,7250,2020-01-10 08:00:00,81.7,0.0395,0.035,3.0,45.85,0.038,13.5,50.58,0.03632172,47.95,SYN.BTC-10JAN20,7173.57,-0.53986,0.00072,4.54821,-11.70935,-1.05449
deribit,BTC-31JAN20-7000-C,2020-01-01 00:52:59.918,2020-01-01 00:52:59.927196,call,7000,2020-01-31 08:00:00,242.2,0.074,0.076,14.5,54.36,0.0805,39.9,58.4,0.07866502,56.75,SYN.BTC-31JAN20,7194.16,0.59835,0.00033,8.01618,-7.50775,3.1033
deribit,BTC-31JAN20-7000-C,2020-01-01 00:53:02.739,2020-01-01 00:53:02.749899,call,7000,2020-01-31 08:00:00,242.2,0.074,0.076,14.5,54.37,0.0795,14.5,57.51,0.07866576,56.76,SYN.BTC-31JAN20,7193.99,0.59829,0.00033,8.01631,-7.50939,3.10285
deribit,BTC-10JAN20-7250-P,2020-01-01 01:07:05.143,2020-01-01 01:07:05.151757,put,7250,2020-01-10 08:00:00,81.7,0.0395,0.034,18.7,44.85,0.0385,39.9,51.95,0.0359416,47.93,SYN.BTC-10JAN20,7177.63,-0.53704,0.00072,4.54779,-11.73571,-1.04642
deribit,BTC-10JAN20-7250-P,2020-01-01 01:09:04.118,2020-01-01 01:09:04.126602,put,7250,2020-01-10 08:00:00,81.7,0.0395,0.034,22.9,44.9,0.0375,13.5,50.42,0.03590523,47.91,SYN.BTC-10JAN20,7177.99,-0.53682,0.00072,4.54792,-11.73217,-1.04582
deribit,BTC-10JAN20-7250-P,2020-01-01 01:20:43.590,2020-01-01 01:20:43.614406,put,7250,2020-01-10 08:00:00,81.7,0.0395,0.0335,18.7,44.71,0.0375,21.9,51.02,0.03553067,47.92,SYN.BTC-10JAN20,7182.61,-0.53349,0.00072,4.55216,-11.75601,-1.0388
deribit,BTC-10JAN20-7250-P,2020-01-01 01:25:41.662,2020-01-01 01:25:41.690359,put,7250,2020-01-10 08:00:00,81.7,0.0395,0.0335,4.9,45.47,0.037,18.0,50.99,0.03529839,48.31,SYN.BTC-10JAN20,7188.61,-0.52867,0.00072,4.55942,-11.87483,-1.03005
deribit,BTC-10JAN20-7250-P,2020-01-01 01:25:41.764,2020-01-01 01:25:41.776383,put,7250,2020-01-10 08:00:00,81.7,0.0395,0.0335,4.9,45.47,0.0365,13.5,50.2,0.03529839,48.31,SYN.BTC-10JAN20,7188.61,-0.52867,0.00072,4.55942,-11.87483,-1.03005
deribit,BTC-10JAN20-7250-P,2020-01-01 01:25:43.677,2020-01-01 01:25:43.686025,put,7250,2020-01-10 08:00:00,81.7,0.0395,0.033,18.7,44.9,0.037,31.5,51.21,0.03501825,48.08,SYN.BTC-10JAN20,7190.4,-0.52766,0.00072,4.56137,-11.82539,-1.02794
deribit,BTC-10JAN20-7250-P,2020-01-01 01:26:00.448,2020-01-01 01:26:00.456435,put,7250,2020-01-10 08:00:00,81.7,0.0395,0.033,0.7,45.15,0.0365,18.0,50.67,0.03473308,47.91,SYN.BTC-10JAN20,7192.44,-0.52639,0.00072,4.56365,-11.78808,-1.02542
deribit,BTC-10JAN20-7250-P,2020-01-01 01:27:31.427,2020-01-01 01:27:31.435725,put,7250,2020-01-10 08:00:00,81.7,0.0395,0.0325,18.7,44.76,0.0365,39.9,51.06,0.03463179,48.12,SYN.BTC-10JAN20,7195.61,-0.52386,0.00072,4.56715,-11.85066,-1.02088
deribit,BTC-10JAN20-7250-P,2020-01-01 01:27:35.639,2020-01-01 01:27:35.649004,put,7250,2020-01-10 08:00:00,81.7,0.0395,0.0325,0.7,44.75,0.036,18.0,50.27,0.03449723,47.9,SYN.BTC-10JAN20,7195.54,-0.52416,0.00072,4.5669,-11.7957,-1.02118
deribit,BTC-10JAN20-7250-P,2020-01-01 01:30:30.672,2020-01-01 01:30:30.685399,put,7250,2020-01-10 08:00:00,81.7,0.0395,0.032,0.7,44.71,0.036,39.9,51.01,0.03400914,47.88,SYN.BTC-10JAN20,7201.65,-0.51975,0.00073,4.57322,-11.80871,-1.01294
deribit,BTC-10JAN20-7250-P,2020-01-01 01:30:33.863,2020-01-01 01:30:33.873061,put,7250,2020-01-10 08:00:00,81.7,0.0395,0.032,0.7,44.73,0.0355,18.0,50.24,0.03399496,47.89,SYN.BTC-10JAN20,7201.8,-0.51963,0.00072,4.57322,-11.81359,-1.01265
deribit,BTC-10JAN20-7250-P,2020-01-01 01:30:33.866,2020-01-01 01:30:33.875122,put,7250,2020-01-10 08:00:00,81.7,0.0395,0.032,0.7,44.73,0.035,13.5,49.46,0.03399496,47.89,SYN.BTC-10JAN20,7201.8,-0.51963,0.00072,4.57322,-11.81359,-1.01265
deribit,BTC-10JAN20-7250-P,2020-01-01 01:31:02.902,2020-01-01 01:31:02.911760,put,7250,2020-01-10 08:00:00,81.7,0.0395,0.0315,0.7,44.98,0.035,39.9,50.49,0.03352377,48.17,SYN.BTC-10JAN20,7210.41,-0.51315,0.00072,4.58174,-11.9032,-1.0011
deribit,BTC-10JAN20-7250-P,2020-01-01 01:31:07.961,2020-01-01 01:31:07.970081,put,7250,2020-01-10 08:00:00,81.7,0.0395,0.0315,0.7,45.17,0.0345,18.0,49.89,0.03333991,48.07,SYN.BTC-10JAN20,7212.0,-0.51208,0.00072,4.58314,-11.88239,-0.99904
deribit,BTC-10JAN20-7250-P,2020-01-01 01:31:10.963,2020-01-01 01:31:10.993006,put,7250,2020-01-10 08:00:00,81.7,0.0395,0.031,0.7,44.8,0.0345,31.5,50.31,0.03308295,48.08,SYN.BTC-10JAN20,7215.53,-0.50953,0.00072,4.58618,-11.89376,-0.99437
deribit,BTC-10JAN20-7250-P,2020-01-01 01:32:42.321,2020-01-01 01:32:42.331085,put,7250,2020-01-10 08:00:00,81.7,0.0395,0.0315,18.4,45.29,0.0395,4.0,57.88,0.03313638,47.87,SYN.BTC-10JAN20,7212.96,-0.51157,0.00072,4.58358,-11.83619,-0.99772
deribit,BTC-10JAN20-7250-P,2020-01-01 01:32:42.339,2020-01-01 01:32:42.348669,put,7250,2020-01-10 08:00:00,81.7,0.0395,0.0315,18.4,45.29,0.0365,13.5,53.16,0.03313638,47.87,SYN.BTC-10JAN20,7212.96,-0.51157,0.00072,4.58358,-11.83619,-0.99772
deribit,BTC-10JAN20-7250-P,2020-01-01 01:32:42.436,2020-01-01 01:32:42.444601,put,7250,2020-01-10 08:00:00,81.7,0.0395,0.0315,18.4,45.29,0.036,4.0,52.37,0.03313638,47.87,SYN.BTC-10JAN20,7212.96,-0.51157,0.00072,4.58358,-11.83619,-0.99772
deribit,BTC-10JAN20-7250-P,2020-01-01 01:32:42.440,2020-01-01 01:32:42.449076,put,7250,2020-01-10 08:00:00,81.7,0.0395,0.0315,18.4,45.29,0.0355,13.5,51.58,0.03313638,47.87,SYN.BTC-10JAN20,7212.96,-0.51157,0.00072,4.58358,-11.83619,-0.99772
deribit,BTC-10JAN20-7250-P,2020-01-01 02:20:49.762,2020-01-01 02:20:49.771292,put,7250,2020-01-10 08:00:00,81.7,0.0315,0.031,18.7,44.72,0.035,39.9,51.02,0.03298774,47.85,SYN.BTC-10JAN20,7214.08,-0.51085,0.00073,4.57628,-11.85525,-0.99269
deribit,BTC-10JAN20-7250-P,2020-01-01 02:27:16.488,2020-01-01 02:27:16.495710,put,7250,2020-01-10 08:00:00,81.7,0.0315,0.031,0.7,45.37,0.034,13.5,50.1,0.03273139,48.1,SYN.BTC-10JAN20,7219.55,-0.50669,0.00072,4.57976,-11.93245,-0.98493
deribit,BTC-10JAN20-7250-P,2020-01-01 02:27:18.466,2020-01-01 02:27:18.485208,put,7250,2020-01-10 08:00:00,81.7,0.0315,0.0305,18.7,44.77,0.034,13.5,50.29,0.03252212,47.96,SYN.BTC-10JAN20,7221.11,-0.50567,0.00072,4.58093,-11.89927,-0.9829
deribit,BTC-31JAN20-7500-P,2020-01-01 02:27:29.441,2020-01-01 02:27:42.693081,put,7500,2020-01-31 08:00:00,196.2,0.091,0.082,18.2,54.45,0.087,30.6,58.83,0.08440615,56.55,SYN.BTC-31JAN20,7252.76,-0.54958,0.00034,8.26265,-7.72848,-3.80827
deribit,BTC-3JAN20-7250-P,2020-01-01 02:27:42.819,2020-01-01 02:27:42.827747,put,7250,2020-01-03 08:00:00,265.3,0.019,0.0155,0.1,41.41,0.018,12.5,49.48,0.0165944,44.92,SYN.BTC-3JAN20,7215.19,-0.54756,0.00156,2.23418,-22.49609,-0.24875
deribit,BTC-3JAN20-7250-P,2020-01-01 02:27:42.839,2020-01-01 02:27:42.868810,put,7250,2020-01-03 08:00:00,265.3,0.019,0.015,18.0,39.79,0.018,12.5,49.48,0.0165944,44.92,SYN.BTC-3JAN20,7215.19,-0.54756,0.00156,2.23418,-22.49609,-0.24875
deribit,BTC-31JAN20-7500-P,2020-01-01 02:27:43.742,2020-01-01 02:27:43.750196,put,7500,2020-01-31 08:00:00,196.2,0.091,0.082,17.2,54.45,0.0865,14.4,58.4,0.08440533,56.55,SYN.BTC-31JAN20,7252.76,-0.54958,0.00034,8.26265,-7.72848,-3.80827
deribit,BTC-3JAN20-7250-P,2020-01-01 02:27:44.468,2020-01-01 02:27:44.478758,put,7250,2020-01-03 08:00:00,265.3,0.019,0.0155,0.1,41.41,0.0175,0.1,47.87,0.01659483,44.92,SYN.BTC-3JAN20,7215.19,-0.54756,0.00156,2.23418,-22.49609,-0.24875
deribit,BTC-3JAN20-7250-P,2020-01-01 02:28:02.197,2020-01-01 02:28:02.227065,put,7250,2020-01-03 08:00:00,265.3,0.019,0.015,18.0,40.03,0.0175,0.1,48.1,0.01652427,44.93,SYN.BTC-3JAN20,7216.11,-0.54611,0.00156,2.23543,-22.51294,-0.24811
deribit,BTC-3JAN20-7250-P,2020-01-01 02:28:02.200,2020-01-01 02:28:02.231717,put,7250,2020-01-03 08:00:00,265.3,0.019,0.0155,0.1,41.64,0.0185,18.0,51.32,0.01652427,44.93,SYN.BTC-3JAN20,7216.11,-0.54611,0.00156,2.23543,-22.51294,-0.24811
deribit,BTC-10JAN20-7250-P,2020-01-01 02:28:07.977,2020-01-01 02:28:07.985133,put,7250,2020-01-10 08:00:00,81.7,0.0315,0.0305,36.1,44.97,0.0345,18.0,51.27,0.03230858,47.82,SYN.BTC-10JAN20,7222.78,-0.50456,0.00073,4.58199,-11.86856,-0.98064
deribit,BTC-10JAN20-7250-P,2020-01-01 02:47:05.881,2020-01-01 02:47:05.890002,put,7250,2020-01-10 08:00:00,81.7,0.0315,0.0305,17.4,45.27,0.0335,13.5,50.0,0.03212334,47.83,SYN.BTC-10JAN20,7225.07,-0.50292,0.00073,4.58033,-11.88361,-0.97621
deribit,BTC-10JAN20-7250-P,2020-01-01 02:47:58.401,2020-01-01 02:47:58.410051,put,7250,2020-01-10 08:00:00,81.7,0.0315,0.0305,17.4,45.2,0.037,4.0,55.46,0.03215498,47.8,SYN.BTC-10JAN20,7224.51,-0.50335,0.00073,4.57977,-11.87591,-0.97688
deribit,BTC-10JAN20-7250-P,2020-01-01 02:47:58.404,2020-01-01 02:47:58.412029,put,7250,2020-01-10 08:00:00,81.7,0.0315,0.0305,17.4,45.2,0.035,13.5,52.3,0.03215498,47.8,SYN.BTC-10JAN20,7224.51,-0.50335,0.00073,4.57977,-11.87591,-0.97688
deribit,BTC-3JAN20-7250-P,2020-01-01 02:52:06.724,2020-01-01 02:52:06.740933,put,7250,2020-01-03 08:00:00,265.3,0.019,0.0145,18.0,38.89,0.0175,20.7,48.61,0.01641393,45.08,SYN.BTC-3JAN20,7217.43,-0.54408,0.00156,2.22876,-22.68958,-0.24536
deribit,BTC-3JAN20-7250-P,2020-01-01 02:52:06.736,2020-01-01 02:52:06.749622,put,7250,2020-01-03 08:00:00,265.3,0.019,0.015,0.1,40.51,0.017,0.1,46.99,0.01641393,45.08,SYN.BTC-3JAN20,7217.43,-0.54408,0.00156,2.22876,-22.68958,-0.24536
deribit,BTC-10JAN20-7250-P,2020-01-01 02:52:06.902,2020-01-01 02:52:06.930134,put,7250,2020-01-10 08:00:00,81.7,0.0315,0.03,18.7,44.77,0.034,39.9,51.08,0.03198878,47.91,SYN.BTC-10JAN20,7227.49,-0.50111,0.00073,4.58112,-11.90991,-0.97263
deribit,BTC-10JAN20-7250-P,2020-01-01 02:52:12.720,2020-01-01 02:52:12.728121,put,7250,2020-01-10 08:00:00,81.7,0.0315,0.03,14.2,44.94,0.0335,18.0,50.46,0.03181715,47.8,SYN.BTC-10JAN20,7228.98,-0.5001,0.00073,4.58207,-11.88668,-0.97067
deribit,BTC-10JAN20-7250-C,2020-01-01 02:52:30.235,2020-01-01 02:52:43.851921,call,7250,2020-01-10 08:00:00,214.0,0.029,0.027,17.5,44.74,0.03,26.1,49.48,0.02893617,47.8,SYN.BTC-10JAN20,7229.54,0.5003,0.00073,4.58225,-11.88707,0.86017
deribit,BTC-10JAN20-7250-C,2020-01-01 02:52:46.164,2020-01-01 02:52:46.172347,call,7250,2020-01-10 08:00:00,214.0,0.029,0.0275,0.1,45.49,0.03,26.1,49.43,0.0289299,47.74,SYN.BTC-10JAN20,7229.95,0.50057,0.00073,4.58251,-11.87361,0.86072
deribit,BTC-31JAN20-7500-P,2020-01-01 02:54:09.382,2020-01-01 02:54:09.390358,put,7500,2020-01-31 08:00:00,196.2,0.091,0.0815,12.2,54.44,0.0865,32.6,58.83,0.08370488,56.38,SYN.BTC-31JAN20,7258.19,-0.54814,0.00034,8.27005,-7.71591,-3.79604
deribit,BTC-31JAN20-7500-P,2020-01-01 02:54:43.598,2020-01-01 02:54:43.606170,put,7500,2020-01-31 08:00:00,196.2,0.091,0.0815,18.2,54.49,0.086,14.4,58.44,0.08365032,56.39,SYN.BTC-31JAN20,7258.87,-0.54789,0.00034,8.27136,-7.71853,-3.79453
deribit,BTC-10JAN20-7250-C,2020-01-01 03:00:01.878,2020-01-01 03:00:01.887100,call,7250,2020-01-10 08:00:00,214.3,0.03,0.03,4.7,49.25,0.0305,18.0,50.04,0.02903573,47.73,SYN.BTC-10JAN20,7231.83,0.50192,0.00073,4.58244,-11.87637,0.86275
deribit,BTC-3JAN20-7250-P,2020-01-01 03:00:03.980,2020-01-01 03:00:04.026898,put,7250,2020-01-03 08:00:00,265.3,0.019,0.0145,18.0,40.22,0.017,20.0,48.31,0.015965,44.96,SYN.BTC-3JAN20,7222.5,-0.53632,0.00157,2.23192,-22.72264,-0.24134
deribit,BTC-10JAN20-7250-C,2020-01-01 03:00:04.651,2020-01-01 03:00:04.659825,call,7250,2020-01-10 08:00:00,217.2,0.03,0.0275,0.1,45.3,0.0305,43.8,50.03,0.02904207,47.73,SYN.BTC-10JAN20,7231.9,0.50197,0.00073,4.58249,-11.87712,0.86285
deribit,BTC-10JAN20-7250-C,2020-01-01 03:01:54.979,2020-01-01 03:01:54.994783,call,7250,2020-01-10 08:00:00,217.2,0.03,0.027,0.1,44.72,0.0305,43.8,50.24,0.02893479,47.77,SYN.BTC-10JAN20,7229.91,0.50054,0.00073,4.58093,-11.88477,0.86007
deribit,BTC-31JAN20-7500-P,2020-01-01 03:01:58.112,2020-01-01 03:01:58.120207,put,7500,2020-01-31 08:00:00,196.2,0.091,0.0815,32.6,54.28,0.087,14.4,59.11,0.08370063,56.22,SYN.BTC-31JAN20,7256.08,-0.54918,0.00034,8.26423,-7.69002,-3.80047
deribit,BTC-3JAN20-7250-P,2020-01-01 03:02:02.730,2020-01-01 03:02:02.745776,put,7250,2020-01-03 08:00:00,265.3,0.019,0.0155,0.1,42.17,0.017,0.2,47.04,0.01628723,44.73,SYN.BTC-3JAN20,7217.31,-0.5448,0.00158,2.22477,-22.54394,-0.24485
deribit,BTC-31JAN20-7500-P,2020-01-01 03:03:36.315,2020-01-01 03:03:58.447910,put,7500,2020-01-31 08:00:00,196.2,0.091,0.0825,18.2,54.69,0.087,32.6,58.64,0.08521172,57.07,SYN.BTC-31JAN20,7249.9,-0.54953,0.00033,8.25609,-7.80004,-3.80826
deribit,BTC-31JAN20-7500-P,2020-01-01 03:04:05.847,2020-01-01 03:04:05.855182,put,7500,2020-01-31 08:00:00,196.2,0.091,0.0825,18.2,54.68,0.0875,18.4,59.07,0.08520934,57.06,SYN.BTC-31JAN20,7249.83,-0.54957,0.00033,8.2559,-7.79837,-3.80844
deribit,BTC-31JAN20-7500-P,2020-01-01 03:32:57.537,2020-01-01 03:32:57.544927,put,7500,2020-01-31 08:00:00,196.2,0.091,0.0825,16.5,55.01,0.0865,14.4,58.52,0.08453043,56.82,SYN.BTC-31JAN20,7253.87,-0.54874,0.00033,8.25988,-7.77462,-3.79917
deribit,BTC-10JAN20-7250-P,2020-01-01 03:37:20.417,2020-01-01 03:37:20.430705,put,7250,2020-01-10 08:00:00,81.7,0.0315,0.0305,18.4,44.88,0.0365,13.5,54.36,0.0322466,47.63,SYN.BTC-10JAN20,7221.05,-0.50606,0.00073,4.56875,-11.84808,-0.97791
deribit,BTC-10JAN20-7250-P,2020-01-01 03:37:20.912,2020-01-01 03:37:20.920414,put,7250,2020-01-10 08:00:00,81.7,0.0315,0.0305,18.4,44.84,0.036,5.0,53.53,0.0322466,47.6,SYN.BTC-10JAN20,7220.71,-0.50633,0.00073,4.56849,-11.84128,-0.97837
deribit,BTC-10JAN20-7250-P,2020-01-01 03:37:20.923,2020-01-01 03:37:20.931663,put,7250,2020-01-10 08:00:00,81.7,0.0315,0.0305,18.4,44.84,0.0355,13.5,52.74,0.0322466,47.6,SYN.BTC-10JAN20,7220.71,-0.50633,0.00073,4.56849,-11.84128,-0.97837
deribit,BTC-10JAN20-7250-P,2020-01-01 04:12:46.269,2020-01-01 04:12:46.277433,put,7250,2020-01-10 08:00:00,81.7,0.0315,0.031,35.7,44.41,0.0355,18.0,51.54,0.0330119,47.6,SYN.BTC-10JAN20,7209.96,-0.51426,0.00073,4.55313,-11.83268,-0.98999
deribit,BTC-10JAN20-7250-P,2020-01-01 07:42:48.093,2020-01-01 07:42:48.101600,put,7250,2020-01-10 08:00:00,81.7,0.0315,0.032,32.0,44.62,0.0365,18.0,51.81,0.03394603,47.73,SYN.BTC-10JAN20,7195.77,-0.52496,0.00074,4.5019,-11.92278,-0.99296
deribit,BTC-10JAN20-7250-P,2020-01-01 08:02:04.540,2020-01-01 08:02:04.552579,put,7250,2020-01-10 08:00:00,81.7,0.0315,0.032,32.0,44.49,0.034,0.2,47.69,0.03422649,48.05,SYN.BTC-10JAN20,7194.45,-0.5256,0.00073,4.49732,-12.00793,-0.99297
deribit,BTC-10JAN20-7250-P,2020-01-01 08:03:25.312,2020-01-01 08:03:25.320899,put,7250,2020-01-10 08:00:00,81.7,0.0315,0.0325,18.0,45.28,0.034,0.2,47.68,0.03418899,47.98,SYN.BTC-10JAN20,7194.33,-0.52577,0.00073,4.49695,-11.98961,-0.99311
deribit,BTC-10JAN20-7250-P,2020-01-01 08:03:25.315,2020-01-01 08:03:42.583706,put,7250,2020-01-10 08:00:00,81.7,0.0315,0.033,14.0,45.9,0.034,0.2,47.5,0.03429553,48.0,SYN.BTC-10JAN20,7192.93,-0.52678,0.00073,4.49515,-11.99156,-0.99484
deribit,BTC-10JAN20-7250-P,2020-01-01 08:04:25.844,2020-01-01 08:04:25.853246,put,7250,2020-01-10 08:00:00,81.7,0.034,0.033,14.0,45.68,0.035,0.2,48.88,0.03441905,47.95,SYN.BTC-10JAN20,7191.15,-0.52815,0.00074,4.49297,-11.97329,-0.99721
deribit,BTC-10JAN20-7250-P,2020-01-01 08:04:44.477,2020-01-01 08:06:22.582121,put,7250,2020-01-10 08:00:00,81.7,0.034,0.0325,32.0,44.97,0.035,0.2,48.97,0.03434422,47.92,SYN.BTC-10JAN20,7191.82,-0.5277,0.00074,4.49339,-11.96792,-0.99623
deribit,BTC-10JAN20-7250-P,2020-01-01 08:12:27.989,2020-01-01 08:12:27.998167,put,7250,2020-01-10 08:00:00,81.7,0.034,0.0335,14.0,46.2,0.035,0.2,48.6,0.0345322,47.85,SYN.BTC-10JAN20,7188.8,-0.53001,0.00074,4.48858,-11.94417,-0.99978
deribit,BTC-10JAN20-7250-P,2020-01-01 08:15:18.840,2020-01-01 08:15:18.849343,put,7250,2020-01-10 08:00:00,81.7,0.034,0.034,14.0,46.22,0.035,0.2,47.82,0.03500256,47.85,SYN.BTC-10JAN20,7182.59,-0.53461,0.00074,4.47998,-11.92291,-1.00766
deribit,BTC-10JAN20-7250-P,2020-01-01 08:37:40.800,2020-01-01 08:37:40.808632,put,7250,2020-01-10 08:00:00,81.7,0.035,0.033,14.0,44.58,0.0375,14.0,51.81,0.03496079,47.85,SYN.BTC-10JAN20,7182.04,-0.53507,0.00074,4.4752,-11.93088,-1.00665
deribit,BTC-10JAN20-7250-P,2020-01-01 08:44:09.336,2020-01-01 08:44:09.356455,put,7250,2020-01-10 08:00:00,81.7,0.035,0.034,14.0,45.84,0.042,0.4,58.67,0.03514854,47.68,SYN.BTC-10JAN20,7179.2,-0.53741,0.00074,4.47,-11.88146,-1.01011
deribit,BTC-10JAN20-7250-P,2020-01-01 08:44:09.349,2020-01-01 08:44:09.370477,put,7250,2020-01-10 08:00:00,81.7,0.035,0.034,14.0,45.84,0.04,14.0,55.47,0.03514854,47.68,SYN.BTC-10JAN20,7179.2,-0.53741,0.00074,4.47,-11.88146,-1.01011
deribit,BTC-10JAN20-7250-P,2020-01-01 08:44:09.498,2020-01-01 08:44:09.506389,put,7250,2020-01-10 08:00:00,81.7,0.035,0.034,14.0,45.84,0.0395,4.0,54.66,0.03514854,47.68,SYN.BTC-10JAN20,7179.2,-0.53741,0.00074,4.47,-11.88146,-1.01011
deribit,BTC-10JAN20-7250-P,2020-01-01 08:44:09.523,2020-01-01 08:44:09.532972,put,7250,2020-01-10 08:00:00,81.7,0.035,0.034,14.0,45.84,0.039,14.0,53.86,0.03514854,47.68,SYN.BTC-10JAN20,7179.2,-0.53741,0.00074,4.47,-11.88146,-1.01011
deribit,BTC-10JAN20-7250-P,2020-01-01 08:55:43.968,2020-01-01 08:55:43.977287,put,7250,2020-01-10 08:00:00,81.7,0.035,0.0335,18.0,45.19,0.038,32.0,52.42,0.03505056,47.69,SYN.BTC-10JAN20,7180.24,-0.53666,0.00074,4.46935,-11.8926,-1.00784
deribit,BTC-10JAN20-7250-P,2020-01-01 08:58:58.359,2020-01-01 08:58:58.402793,put,7250,2020-01-10 08:00:00,81.7,0.035,0.025,0.5,31.55,0.037,14.0,50.89,0.03494,47.57,SYN.BTC-10JAN20,7180.83,-0.53639,0.00074,4.46948,-11.86641,-1.00699
deribit,BTC-10JAN20-7250-P,2020-01-01 08:58:58.373,2020-01-01 08:58:58.417730,put,7250,2020-01-10 08:00:00,81.7,0.035,0.0255,4.0,32.36,0.037,14.0,50.89,0.03494,47.57,SYN.BTC-10JAN20,7180.83,-0.53639,0.00074,4.46948,-11.86641,-1.00699
deribit,BTC-10JAN20-7250-P,2020-01-01 08:58:58.374,2020-01-01 08:58:58.418024,put,7250,2020-01-10 08:00:00,81.7,0.035,0.0315,14.0,42.05,0.037,14.0,50.89,0.03494,47.57,SYN.BTC-10JAN20,7180.83,-0.53639,0.00074,4.46948,-11.86641,-1.00699
deribit,BTC-10JAN20-7250-P,2020-01-01 08:58:58.504,2020-01-01 08:58:58.513163,put,7250,2020-01-10 08:00:00,81.7,0.035,0.032,4.0,42.96,0.037,14.0,51.0,0.03494,47.69,SYN.BTC-10JAN20,7181.66,-0.53562,0.00074,4.47078,-11.8992,-1.00576
deribit,BTC-10JAN20-7250-P,2020-01-01 08:58:58.509,2020-01-01 08:58:58.519421,put,7250,2020-01-10 08:00:00,81.7,0.035,0.0325,14.0,43.77,0.037,14.0,51.0,0.03494,47.69,SYN.BTC-10JAN20,7181.66,-0.53562,0.00074,4.47078,-11.8992,-1.00576
deribit,BTC-10JAN20-7250-P,2020-01-01 08:58:59.342,2020-01-01 08:58:59.354324,put,7250,2020-01-10 08:00:00,81.7,0.035,0.032,4.0,42.96,0.0375,14.0,51.8,0.034874,47.69,SYN.BTC-10JAN20,7181.66,-0.53562,0.00074,4.47078,-11.8992,-1.00576
deribit,BTC-10JAN20-7250-P,2020-01-01 08:58:59.377,2020-01-01 08:58:59.385853,put,7250,2020-01-10 08:00:00,81.7,0.035,0.0325,14.0,43.77,0.0375,14.0,51.8,0.034874,47.69,SYN.BTC-10JAN20,7181.66,-0.53562,0.00074,4.47078,-11.8992,-1.00576
deribit,BTC-10JAN20-7250-P,2020-01-01 09:16:15.121,2020-01-01 09:16:15.130153,put,7250,2020-01-10 08:00:00,81.7,0.034,0.034,2.0,46.97,0.037,32.0,51.78,0.03443262,47.66,SYN.BTC-10JAN20,7187.6,-0.5313,0.00074,4.47561,-11.92023,-0.99676
deribit,BTC-10JAN20-7250-P,2020-01-01 09:19:02.828,2020-01-01 09:19:02.837606,put,7250,2020-01-10 08:00:00,81.7,0.034,0.035,2.0,48.43,0.037,18.0,51.64,0.03456598,47.73,SYN.BTC-10JAN20,7186.46,-0.53206,0.00074,4.4737,-11.93655,-0.99794
deribit,BTC-10JAN20-7250-P,2020-01-01 09:22:08.354,2020-01-01 09:22:08.363325,put,7250,2020-01-10 08:00:00,81.7,0.034,0.036,2.0,50.21,0.037,32.0,51.82,0.0345808,47.93,SYN.BTC-10JAN20,7187.79,-0.53082,0.00074,4.47511,-11.9931,-0.99574
deribit,BTC-10JAN20-7250-P,2020-01-01 11:01:03.444,2020-01-01 11:01:38.622160,put,7250,2020-01-10 08:00:00,83.2,0.036,0.0315,32.0,43.93,0.034,0.2,47.96,0.03353488,47.21,SYN.BTC-10JAN20,7193.92,-0.52738,0.00075,4.46431,-11.87568,-0.98101
deribit,BTC-10JAN20-7250-P,2020-01-01 11:02:03.346,2020-01-01 11:02:03.354786,put,7250,2020-01-10 08:00:00,83.2,0.036,0.0315,32.0,43.9,0.033,0.2,46.31,0.03354782,47.21,SYN.BTC-10JAN20,7193.65,-0.52759,0.00075,4.46399,-11.87366,-0.98136
deribit,BTC-10JAN20-7250-P,2020-01-01 11:25:04.757,2020-01-01 11:25:04.765915,put,7250,2020-01-10 08:00:00,83.2,0.033,0.0295,23.0,43.68,0.0335,18.0,50.12,0.03170753,47.23,SYN.BTC-10JAN20,7217.65,-0.50957,0.00075,4.48429,-11.95568,-0.94807
deribit,BTC-10JAN20-7250-P,2020-01-01 11:25:05.127,2020-01-01 11:25:05.135894,put,7250,2020-01-10 08:00:00,83.2,0.033,0.03,14.0,44.48,0.033,18.0,49.31,0.03170688,47.23,SYN.BTC-10JAN20,7217.65,-0.50957,0.00075,4.48429,-11.95568,-0.94807
deribit,BTC-10JAN20-7250-P,2020-01-01 11:25:08.653,2020-01-01 11:25:08.671204,put,7250,2020-01-10 08:00:00,83.2,0.033,0.0295,19.0,43.78,0.033,18.0,49.41,0.03164403,47.27,SYN.BTC-10JAN20,7218.49,-0.5089,0.00075,4.48499,-11.96775,-0.94695
deribit,BTC-10JAN20-7250-P,2020-01-01 11:25:33.561,2020-01-01 11:25:33.569942,put,7250,2020-01-10 08:00:00,83.2,0.033,0.029,37.0,43.26,0.033,18.0,49.7,0.03146827,47.25,SYN.BTC-10JAN20,7220.87,-0.50714,0.00075,4.48668,-11.96798,-0.94376
deribit,BTC-10JAN20-7250-P,2020-01-01 11:48:06.963,2020-01-01 11:48:06.981691,put,7250,2020-01-10 08:00:00,83.2,0.033,0.031,14.0,45.68,0.0335,18.0,49.71,0.03211933,47.25,SYN.BTC-10JAN20,7213.92,-0.5124,0.00075,4.47705,-11.96223,-0.95127
deribit,BTC-10JAN20-7250-P,2020-01-01 11:50:30.510,2020-01-01 11:50:30.520287,put,7250,2020-01-10 08:00:00,83.2,0.034,0.0325,14.0,45.51,0.0355,18.0,50.35,0.03371197,47.43,SYN.BTC-10JAN20,7192.98,-0.52792,0.00075,4.45492,-11.95139,-0.97841
deribit,BTC-10JAN20-7250-P,2020-01-01 11:50:31.888,2020-01-01 11:50:31.896795,put,7250,2020-01-10 08:00:00,83.2,0.034,0.0325,14.0,45.43,0.038,4.0,54.31,0.03376122,47.39,SYN.BTC-10JAN20,7192.34,-0.52846,0.00075,4.45393,-11.93826,-0.97922
deribit,BTC-10JAN20-7250-P,2020-01-01 11:50:34.100,2020-01-01 11:50:34.158350,put,7250,2020-01-10 08:00:00,83.2,0.034,0.0325,4.0,44.35,0.0385,4.0,54.04,0.03442981,46.86,SYN.BTC-10JAN20,7183.85,-0.53555,0.00076,4.44231,-11.77513,-0.99099
deribit,BTC-10JAN20-7250-P,2020-01-01 11:50:34.198,2020-01-01 11:50:34.207362,put,7250,2020-01-10 08:00:00,83.2,0.034,0.032,4.0,43.54,0.0385,4.0,54.04,0.03442981,46.86,SYN.BTC-10JAN20,7183.85,-0.53555,0.00076,4.44231,-11.77513,-0.99099
deribit,BTC-10JAN20-7250-P,2020-01-01 11:50:34.653,2020-01-01 11:50:34.662063,put,7250,2020-01-10 08:00:00,83.2,0.034,0.032,18.0,43.55,0.039,4.0,54.86,0.03442477,47.48,SYN.BTC-10JAN20,7183.92,-0.53466,0.00075,4.44323,-11.93202,-0.9901
deribit,BTC-10JAN20-7250-P,2020-01-01 11:53:13.985,2020-01-01 11:53:13.993910,put,7250,2020-01-10 08:00:00,83.2,0.034,0.0315,4.0,43.01,0.039,4.0,55.13,0.03425277,47.46,SYN.BTC-10JAN20,7186.03,-0.5331,0.00075,4.44566,-11.93755,-0.98721
deribit,BTC-10JAN20-7250-P,2020-01-01 11:53:17.546,2020-01-01 11:53:17.555395,put,7250,2020-01-10 08:00:00,83.2,0.034,0.032,4.0,43.84,0.0395,4.0,55.95,0.03424455,47.47,SYN.BTC-10JAN20,7186.16,-0.533,0.00075,4.44583,-11.93834,-0.98705
deribit,BTC-10JAN20-7250-P,2020-01-01 11:53:37.404,2020-01-01 11:53:37.423775,put,7250,2020-01-10 08:00:00,83.2,0.034,0.032,4.0,44.05,0.04,4.0,56.97,0.03411735,47.47,SYN.BTC-10JAN20,7187.81,-0.53176,0.00075,4.44781,-11.9465,-0.98482
deribit,BTC-10JAN20-7250-P,2020-01-01 13:02:03.208,2020-01-01 13:02:03.216366,put,7250,2020-01-10 08:00:00,83.2,0.034,0.03,13.3,44.7,0.032,0.2,47.93,0.0318641,47.72,SYN.BTC-10JAN20,7218.03,-0.50904,0.00075,4.46758,-12.12638,-0.94027
deribit,BTC-10JAN20-7250-P,2020-01-01 13:19:29.361,2020-01-01 13:19:29.369482,put,7250,2020-01-10 08:00:00,83.2,0.032,0.0305,18.0,44.51,0.033,0.2,48.55,0.03223434,47.31,SYN.BTC-10JAN20,7209.59,-0.51575,0.00075,4.45702,-12.0105,-0.95018
deribit,BTC-10JAN20-7250-P,2020-01-01 13:19:29.365,2020-01-01 13:21:53.188749,put,7250,2020-01-10 08:00:00,83.2,0.032,0.031,13.3,45.32,0.033,0.2,48.56,0.03223993,47.32,SYN.BTC-10JAN20,7209.6,-0.51574,0.00075,4.45651,-12.01471,-0.94994
deribit,BTC-10JAN20-7250-P,2020-01-01 14:35:39.612,2020-01-01 14:35:39.629128,put,7250,2020-01-10 08:00:00,83.2,0.032,0.0285,5.0,43.14,0.033,0.2,50.44,0.03113612,47.42,SYN.BTC-10JAN20,7223.88,-0.50502,0.00075,4.45536,-12.10631,-0.92584
deribit,BTC-10JAN20-7250-P,2020-01-01 15:02:03.487,2020-01-01 15:04:27.237837,put,7250,2020-01-10 08:00:00,83.2,0.032,0.0305,13.3,45.04,0.032,0.2,47.47,0.03196419,47.42,SYN.BTC-10JAN20,7212.39,-0.51372,0.00075,4.44103,-12.0943,-0.9387
deribit,BTC-10JAN20-7250-P,2020-01-01 15:30:59.618,2020-01-01 15:30:59.635633,put,7250,2020-01-10 08:00:00,83.2,0.032,0.03,35.3,44.85,0.031,3.0,46.47,0.03141115,47.14,SYN.BTC-10JAN20,7217.06,-0.51047,0.00076,4.44022,-12.04771,-0.93075
deribit,BTC-10JAN20-7250-P,2020-01-01 15:38:44.919,2020-01-01 15:38:44.929145,put,7250,2020-01-10 08:00:00,83.2,0.031,0.029,4.2,44.31,0.0325,5.0,50.0,0.03067996,47.04,SYN.BTC-10JAN20,7225.91,-0.50383,0.00076,4.44557,-12.04395,-0.91863
deribit,BTC-10JAN20-7250-P,2020-01-01 15:38:45.946,2020-01-01 15:38:45.988693,put,7250,2020-01-10 08:00:00,83.2,0.031,0.0275,5.0,41.89,0.033,5.2,50.83,0.03065312,47.02,SYN.BTC-10JAN20,7226.08,-0.50372,0.00076,4.44568,-12.03827,-0.91841
deribit,BTC-10JAN20-7250-P,2020-01-01 15:38:45.959,2020-01-01 15:38:46.003913,put,7250,2020-01-10 08:00:00,83.2,0.031,0.028,13.3,42.7,0.033,5.2,50.83,0.03065312,47.02,SYN.BTC-10JAN20,7226.08,-0.50372,0.00076,4.44568,-12.03827,-0.91841
deribit,BTC-10JAN20-7250-P,2020-01-01 15:38:47.009,2020-01-01 15:38:47.017685,put,7250,2020-01-10 08:00:00,83.2,0.031,0.0285,18.0,43.68,0.0325,18.0,50.18,0.03064042,47.16,SYN.BTC-10JAN20,7227.44,-0.50259,0.00076,4.44662,-12.07738,-0.91662
deribit,BTC-3JAN20-7250-P,2020-01-01 15:38:47.636,2020-01-01 15:38:47.667634,put,7250,2020-01-03 08:00:00,266.5,0.0145,0.012,0.5,36.15,0.015,0.1,47.33,0.01420397,44.37,SYN.BTC-3JAN20,7220.32,-0.54823,0.00182,1.94065,-25.60617,-0.18705
deribit,BTC-31JAN20-7500-P,2020-01-01 15:38:47.656,2020-01-01 15:38:47.664499,put,7500,2020-01-31 08:00:00,202.4,0.084,0.08,14.4,53.51,0.0855,4.0,58.38,0.08335549,56.48,SYN.BTC-31JAN20,7257.07,-0.5493,0.00034,8.19281,-7.79541,-3.73351
deribit,BTC-10JAN20-7250-P,2020-01-01 15:38:48.381,2020-01-01 15:38:48.389627,put,7250,2020-01-10 08:00:00,83.2,0.031,0.0285,18.0,43.93,0.032,5.0,49.62,0.03053962,47.24,SYN.BTC-10JAN20,7229.51,-0.50097,0.00076,4.44797,-12.10244,-0.91392
deribit,BTC-10JAN20-7250-P,2020-01-01 15:38:48.639,2020-01-01 15:38:48.652475,put,7250,2020-01-10 08:00:00,83.2,0.031,0.0275,5.0,42.3,0.0325,5.0,50.43,0.03038708,47.24,SYN.BTC-10JAN20,7229.51,-0.50097,0.00076,4.44797,-12.10244,-0.91392
deribit,BTC-3JAN20-7250-P,2020-01-01 15:38:48.640,2020-01-01 15:38:48.663069,put,7250,2020-01-03 08:00:00,266.5,0.0145,0.012,0.5,36.15,0.0185,0.5,60.31,0.01404266,44.37,SYN.BTC-3JAN20,7220.32,-0.54823,0.00182,1.94065,-25.60617,-0.18705
deribit,BTC-31JAN20-7500-P,2020-01-01 15:38:48.640,2020-01-01 15:38:48.664094,put,7500,2020-01-31 08:00:00,202.4,0.084,0.079,8.0,52.62,0.0855,4.0,58.38,0.08317275,56.48,SYN.BTC-31JAN20,7257.07,-0.5493,0.00034,8.19281,-7.79541,-3.73351
deribit,BTC-10JAN20-7250-P,2020-01-01 15:38:48.662,2020-01-01 15:38:48.671388,put,7250,2020-01-10 08:00:00,83.2,0.031,0.028,13.3,43.11,0.0325,5.0,50.43,0.03038708,47.24,SYN.BTC-10JAN20,7229.51,-0.50097,0.00076,4.44797,-12.10244,-0.91392
deribit,BTC-3JAN20-7250-P,2020-01-01 15:38:48.666,2020-01-01 15:38:48.675508,put,7250,2020-01-03 08:00:00,266.5,0.0145,0.012,0.5,36.15,0.018,5.0,58.46,0.01404266,44.37,SYN.BTC-3JAN20,7220.32,-0.54823,0.00182,1.94065,-25.60617,-0.18705
deribit,BTC-3JAN20-7250-P,2020-01-01 15:38:48.895,2020-01-01 15:38:48.906527,put,7250,2020-01-03 08:00:00,266.5,0.0145,0.012,0.5,36.61,0.0175,0.5,57.05,0.01404266,44.22,SYN.BTC-3JAN20,7221.88,-0.54557,0.00183,1.9426,-25.5464,-0.18616
deribit,BTC-3JAN20-7250-P,2020-01-01 15:38:48.991,2020-01-01 15:38:49.000776,put,7250,2020-01-03 08:00:00,266.5,0.0145,0.012,0.5,36.61,0.017,5.0,55.2,0.01404266,44.22,SYN.BTC-3JAN20,7221.88,-0.54557,0.00183,1.9426,-25.5464,-0.18616
deribit,BTC-31JAN20-7500-P,2020-01-01 15:38:49.215,2020-01-01 15:38:49.248406,put,7500,2020-01-31 08:00:00,202.4,0.084,0.079,8.0,52.75,0.086,4.0,58.95,0.08317275,56.45,SYN.BTC-31JAN20,7258.7,-0.54882,0.00034,8.19587,-7.79329,-3.73045
deribit,BTC-31JAN20-7500-P,2020-01-01 15:38:49.321,2020-01-01 15:38:49.329741,put,7500,2020-01-31 08:00:00,202.4,0.084,0.08,14.4,53.63,0.086,4.0,58.95,0.08317275,56.45,SYN.BTC-31JAN20,7258.7,-0.54882,0.00034,8.19587,-7.79329,-3.73045
deribit,BTC-31JAN20-7500-P,2020-01-01 15:38:49.381,2020-01-01 15:38:49.390979,put,7500,2020-01-31 08:00:00,202.4,0.084,0.08,14.4,53.63,0.085,4.0,58.06,0.08317275,56.45,SYN.BTC-31JAN20,7258.7,-0.54882,0.00034,8.19587,-7.79329,-3.73045
deribit,BTC-3JAN20-7250-P,2020-01-01 15:38:50.194,2020-01-01 15:38:50.202701,put,7250,2020-01-03 08:00:00,266.5,0.0145,0.012,0.5,36.61,0.0145,0.1,45.92,0.01392109,44.22,SYN.BTC-3JAN20,7221.88,-0.54557,0.00183,1.9426,-25.5464,-0.18616
deribit,BTC-3JAN20-7250-P,2020-01-01 15:38:50.195,2020-01-01 15:38:50.203421,put,7250,2020-01-03 08:00:00,266.5,0.0145,0.0125,0.1,38.48,0.0145,0.1,45.92,0.01392109,44.22,SYN.BTC-3JAN20,7221.88,-0.54557,0.00183,1.9426,-25.5464,-0.18616
deribit,BTC-31JAN20-7500-P,2020-01-01 15:38:50.550,2020-01-01 15:38:50.571972,put,7500,2020-01-31 08:00:00,202.4,0.084,0.079,8.0,52.75,0.085,4.0,58.06,0.08302855,56.45,SYN.BTC-31JAN20,7258.7,-0.54882,0.00034,8.19587,-7.79329,-3.73045
deribit,BTC-10JAN20-7250-C,2020-01-01 15:38:51.618,2020-01-01 15:38:51.625990,call,7250,2020-01-10 08:00:00,218.2,0.0265,0.0255,38.0,43.35,0.028,1.0,47.41,0.02774247,46.85,SYN.BTC-10JAN20,7232.43,0.50101,0.00076,4.44977,-12.007,0.81426
deribit,BTC-31JAN20-7500-P,2020-01-01 15:38:53.235,2020-01-01 15:38:53.252999,put,7500,2020-01-31 08:00:00,202.4,0.084,0.0795,8.0,53.21,0.0855,4.0,58.53,0.08297672,56.29,SYN.BTC-31JAN20,7258.96,-0.54904,0.00034,8.19561,-7.77181,-3.73071
deribit,BTC-3JAN20-7250-P,2020-01-01 15:38:53.327,2020-01-01 15:38:53.353364,put,7250,2020-01-03 08:00:00,266.5,0.0145,0.0125,0.5,38.52,0.017,4.0,55.23,0.01388479,43.67,SYN.BTC-3JAN20,7222.02,-0.54604,0.00185,1.94238,-25.22724,-0.18626
deribit,BTC-31JAN20-7500-P,2020-01-01 15:38:53.490,2020-01-01 15:38:53.529296,put,7500,2020-01-31 08:00:00,202.4,0.084,0.0805,14.4,54.1,0.0855,4.0,58.53,0.08297672,56.29,SYN.BTC-31JAN20,7258.96,-0.54904,0.00034,8.19561,-7.77181,-3.73071
deribit,BTC-31JAN20-7500-P,2020-01-01 15:38:53.663,2020-01-01 15:38:53.671231,put,7500,2020-01-31 08:00:00,202.4,0.084,0.0795,8.0,53.33,0.086,4.0,59.09,0.08300296,56.43,SYN.BTC-31JAN20,7260.48,-0.54824,0.00034,8.19934,-7.79479,-3.72695
deribit,BTC-3JAN20-7250-P,2020-01-01 15:38:53.836,2020-01-01 15:38:53.878640,put,7250,2020-01-03 08:00:00,266.5,0.0145,0.0125,0.5,38.98,0.0175,4.0,57.54,0.01391079,44.23,SYN.BTC-3JAN20,7223.62,-0.54237,0.00183,1.9448,-25.58121,-0.18509
deribit,BTC-3JAN20-7250-P,2020-01-01 15:38:54.141,2020-01-01 15:38:54.159349,put,7250,2020-01-03 08:00:00,266.5,0.0145,0.0115,4.0,35.26,0.0175,4.0,57.54,0.01391079,44.23,SYN.BTC-3JAN20,7223.62,-0.54237,0.00183,1.9448,-25.58121,-0.18509
deribit,BTC-3JAN20-7250-P,2020-01-01 15:38:54.152,2020-01-01 15:38:54.163336,put,7250,2020-01-03 08:00:00,266.5,0.0145,0.012,18.0,37.12,0.0155,18.0,50.13,0.01391079,44.23,SYN.BTC-3JAN20,7223.62,-0.54237,0.00183,1.9448,-25.58121,-0.18509
deribit,BTC-31JAN20-7500-P,2020-01-01 15:38:54.211,2020-01-01 15:38:54.218913,put,7500,2020-01-31 08:00:00,202.4,0.084,0.081,14.4,54.66,0.086,4.0,59.09,0.08300296,56.43,SYN.BTC-31JAN20,7260.48,-0.54824,0.00034,8.19934,-7.79479,-3.72695
deribit,BTC-3JAN20-7250-P,2020-01-01 15:38:54.294,2020-01-01 15:38:54.302201,put,7250,2020-01-03 08:00:00,266.5,0.0145,0.0125,18.0,38.98,0.0155,18.0,50.13,0.01391079,44.23,SYN.BTC-3JAN20,7223.62,-0.54237,0.00183,1.9448,-25.58121,-0.18509
deribit,BTC-31JAN20-7500-P,2020-01-01 15:38:54.395,2020-01-01 15:38:54.404930,put,7500,2020-01-31 08:00:00,202.4,0.084,0.081,14.4,54.66,0.0855,4.0,58.64,0.08300296,56.43,SYN.BTC-31JAN20,7260.48,-0.54824,0.00034,8.19934,-7.79479,-3.72695
deribit,BTC-3JAN20-7250-P,2020-01-01 15:38:56.818,2020-01-01 15:38:56.826492,put,7250,2020-01-03 08:00:00,266.5,0.0145,0.0125,18.1,37.95,0.015,0.1,47.26,0.01401087,43.58,SYN.BTC-3JAN20,7220.09,-0.54974,0.00185,1.93968,-25.14004,-0.18749
deribit,BTC-3JAN20-7250-P,2020-01-01 15:38:58.647,2020-01-01 15:38:58.655288,put,7250,2020-01-03 08:00:00,266.5,0.0145,0.013,0.1,39.81,0.015,0.1,47.25,0.01406251,43.76,SYN.BTC-3JAN20,7220.06,-0.54953,0.00185,1.9398,-25.24499,-0.18743
deribit,BTC-31JAN20-7500-P,2020-01-01 15:39:13.873,2020-01-01 15:39:13.887248,put,7500,2020-01-31 08:00:00,202.4,0.084,0.0805,14.4,53.91,0.086,18.4,58.79,0.08319513,56.3,SYN.BTC-31JAN20,7256.58,-0.54983,0.00034,8.19089,-7.76851,-3.73544
deribit,BTC-31JAN20-7500-P,2020-01-01 15:39:19.337,2020-01-01 15:39:19.345188,put,7500,2020-01-31 08:00:00,202.4,0.084,0.0805,18.7,54.06,0.085,4.0,58.04,0.08303315,56.3,SYN.BTC-31JAN20,7258.43,-0.5492,0.00034,8.19461,-7.77223,-3.73171
deribit,BTC-3JAN20-7250-P,2020-01-01 15:39:25.809,2020-01-01 15:39:25.820667,put,7250,2020-01-03 08:00:00,266.5,0.0145,0.0115,18.0,35.54,0.0145,0.1,46.69,0.01370854,43.76,SYN.BTC-3JAN20,7224.59,-0.54117,0.00185,1.94568,-25.32116,-0.18465
deribit,BTC-10JAN20-7250-P,2020-01-01 15:39:26.282,2020-01-01 15:39:26.308793,put,7250,2020-01-10 08:00:00,83.2,0.031,0.028,18.0,43.6,0.032,23.0,50.1,0.03008436,46.98,SYN.BTC-10JAN20,7233.56,-0.49804,0.00076,4.45043,-12.04334,-0.90861
deribit,BTC-10JAN20-7250-C,2020-01-01 15:39:27.669,2020-01-01 15:39:27.677640,call,7250,2020-01-10 08:00:00,218.2,0.0265,0.026,18.0,44.0,0.028,1.0,47.25,0.02783138,46.94,SYN.BTC-10JAN20,7233.91,0.5022,0.00076,4.45063,-12.03309,0.8162
deribit,BTC-10JAN20-7250-C,2020-01-01 15:39:27.672,2020-01-01 15:39:27.679959,call,7250,2020-01-10 08:00:00,218.2,0.0265,0.0265,15.0,44.81,0.028,1.0,47.25,0.02783138,46.94,SYN.BTC-10JAN20,7233.91,0.5022,0.00076,4.45063,-12.03309,0.8162
deribit,BTC-31JAN20-7500-P,2020-01-01 15:39:30.491,2020-01-01 15:39:30.498745,put,7500,2020-01-31 08:00:00,202.4,0.084,0.0795,14.4,53.71,0.085,18.4,58.58,0.08252709,56.39,SYN.BTC-31JAN20,7265.43,-0.54665,0.00034,8.20887,-7.79814,-3.71724
deribit,BTC-3JAN20-7250-P,2020-01-01 15:39:31.001,2020-01-01 15:39:31.030656,put,7250,2020-01-03 08:00:00,266.5,0.0145,0.012,0.1,38.79,0.014,0.1,46.2,0.01333808,44.13,SYN.BTC-3JAN20,7229.45,-0.53181,0.00184,1.9512,-25.60523,-0.18157
deribit,BTC-3JAN20-7250-P,2020-01-01 15:39:32.450,2020-01-01 15:39:32.459431,put,7250,2020-01-03 08:00:00,266.5,0.0145,0.0115,18.0,36.95,0.014,0.1,46.22,0.0133461,43.79,SYN.BTC-3JAN20,7229.46,-0.53212,0.00185,1.95068,-25.41684,-0.18157
deribit,BTC-10JAN20-7250-P,2020-01-01 15:39:36.104,2020-01-01 15:39:36.112718,put,7250,2020-01-10 08:00:00,83.2,0.031,0.028,21.2,44.28,0.0315,18.0,49.97,0.0296584,46.96,SYN.BTC-10JAN20,7239.32,-0.49367,0.00076,4.45329,-12.04622,-0.90099
deribit,BTC-10JAN20-7250-P,2020-01-01 15:39:37.465,2020-01-01 15:39:37.472882,put,7250,2020-01-10 08:00:00,83.2,0.031,0.0275,18.0,43.49,0.0315,18.0,49.99,0.02965316,46.99,SYN.BTC-10JAN20,7239.51,-0.49351,0.00076,4.45338,-12.05318,-0.90075
deribit,BTC-10JAN20-7250-C,2020-01-01 15:39:39.881,2020-01-01 15:39:39.889845,call,7250,2020-01-10 08:00:00,219.2,0.028,0.0265,17.5,43.89,0.0285,10.0,47.14,0.02839682,46.87,SYN.BTC-10JAN20,7242.58,0.50876,0.00076,4.45477,-12.0262,0.82752
deribit,BTC-31JAN20-7500-P,2020-01-01 15:39:39.914,2020-01-01 15:39:39.921815,put,7500,2020-01-31 08:00:00,202.4,0.084,0.0795,5.1,54.04,0.0845,14.4,58.47,0.08202607,56.36,SYN.BTC-31JAN20,7269.74,-0.54526,0.00034,8.21697,-7.80092,-3.70869
deribit,BTC-31JAN20-7500-P,2020-01-01 15:39:39.914,2020-01-01 15:39:39.922772,put,7500,2020-01-31 08:00:00,202.4,0.084,0.079,14.4,53.6,0.0845,14.4,58.47,0.08202607,56.36,SYN.BTC-31JAN20,7269.74,-0.54526,0.00034,8.21697,-7.80092,-3.70869
deribit,BTC-31JAN20-7500-P,2020-01-01 15:39:40.380,2020-01-01 15:39:40.388782,put,7500,2020-01-31 08:00:00,202.4,0.084,0.079,14.4,53.67,0.084,4.0,58.09,0.08202607,56.35,SYN.BTC-31JAN20,7270.62,-0.54497,0.00034,8.21864,-7.80135,-3.70696
deribit,BTC-31JAN20-7500-P,2020-01-01 15:39:51.129,2020-01-01 15:39:51.137156,put,7500,2020-01-31 08:00:00,202.4,0.084,0.0795,14.4,54.16,0.084,4.0,58.14,0.08188523,56.27,SYN.BTC-31JAN20,7271.27,-0.5449,0.00034,8.21954,-7.79175,-3.70602
deribit,BTC-10JAN20-7250-C,2020-01-01 15:40:22.904,2020-01-01 15:40:22.912355,call,7250,2020-01-10 08:00:00,219.2,0.028,0.026,33.0,43.22,0.0285,10.0,47.29,0.02828763,46.98,SYN.BTC-10JAN20,7241.19,0.50776,0.00076,4.45415,-12.0542,0.82566
deribit,BTC-3JAN20-7250-P,2020-01-01 15:40:43.012,2020-01-01 15:40:43.025793,put,7250,2020-01-03 08:00:00,266.5,0.0145,0.0115,18.0,37.49,0.015,18.0,50.46,0.01319483,43.77,SYN.BTC-3JAN20,7231.37,-0.52862,0.00185,1.9521,-25.4342,-0.18032
deribit,BTC-31JAN20-7500-P,2020-01-01 15:40:49.431,2020-01-01 15:40:49.439624,put,7500,2020-01-31 08:00:00,202.4,0.084,0.08,14.4,54.26,0.0845,4.0,58.24,0.08219704,56.21,SYN.BTC-31JAN20,7266.79,-0.54655,0.00034,8.21046,-7.77427,-3.71524
deribit,BTC-10JAN20-7250-C,2020-01-01 15:41:23.751,2020-01-01 15:41:23.759117,call,7250,2020-01-10 08:00:00,219.2,0.028,0.0255,23.0,42.76,0.0285,10.0,47.64,0.02805623,46.94,SYN.BTC-10JAN20,7237.97,0.50529,0.00076,4.45245,-12.03995,0.8214
deribit,BTC-3JAN20-7250-P,2020-01-01 15:43:33.806,2020-01-01 15:43:33.833008,put,7250,2020-01-03 08:00:00,266.5,0.0145,0.013,0.1,39.94,0.0155,8.5,49.25,0.01401352,43.91,SYN.BTC-3JAN20,7220.38,-0.54881,0.00184,1.93831,-25.36351,-0.18682
deribit,BTC-10JAN20-7250-P,2020-01-01 15:49:59.633,2020-01-01 15:49:59.641806,put,7250,2020-01-10 08:00:00,83.2,0.031,0.027,5.0,40.48,0.033,0.2,50.24,0.03094338,46.9,SYN.BTC-10JAN20,7221.01,-0.50769,0.00076,4.43998,-12.00275,-0.92427
deribit,BTC-10JAN20-7250-P,2020-01-01 16:01:03.362,2020-01-01 16:01:03.370359,put,7250,2020-01-10 08:00:00,83.2,0.031,0.029,21.9,44.52,0.032,0.2,49.4,0.03042344,46.85,SYN.BTC-10JAN20,7227.32,-0.50291,0.00076,4.44261,-12.00894,-0.91519
deribit,BTC-10JAN20-7250-P,2020-01-01 16:02:03.298,2020-01-01 16:02:03.306894,put,7250,2020-01-10 08:00:00,83.2,0.031,0.029,21.5,44.64,0.031,0.2,47.89,0.03034115,46.88,SYN.BTC-10JAN20,7228.34,-0.50212,0.00076,4.44311,-12.01756,-0.91379
deribit,BTC-10JAN20-7250-P,2020-01-01 16:05:33.591,2020-01-01 16:05:33.598977,put,7250,2020-01-10 08:00:00,83.2,0.031,0.0295,18.0,44.82,0.031,0.2,47.26,0.03064963,46.69,SYN.BTC-10JAN20,7223.03,-0.50632,0.00077,4.43864,-11.96195,-0.92049
deribit,BTC-10JAN20-7250-P,2020-01-01 16:42:19.036,2020-01-01 16:42:19.044952,put,7250,2020-01-10 08:00:00,83.2,0.031,0.0295,18.0,44.78,0.032,0.2,48.86,0.03039852,46.24,SYN.BTC-10JAN20,7222.19,-0.50737,0.00078,4.43152,-11.86245,-0.91908
deribit,BTC-31JAN20-7500-P,2020-01-01 16:58:32.560,2020-01-01 16:58:32.588732,put,7500,2020-01-31 08:00:00,202.4,0.085,0.0785,12.0,52.32,0.086,10.0,58.98,0.08263833,56.0,SYN.BTC-31JAN20,7258.34,-0.54994,0.00034,8.18491,-7.73558,-3.72676
deribit,BTC-10JAN20-7250-P,2020-01-01 17:00:25.306,2020-01-01 17:00:25.320777,put,7250,2020-01-10 08:00:00,83.2,0.031,0.027,5.0,42.77,0.032,21.9,50.92,0.02925487,46.44,SYN.BTC-10JAN20,7239.12,-0.49415,0.00077,4.43897,-11.95129,-0.89535
deribit,BTC-10JAN20-7250-P,2020-01-01 17:00:25.320,2020-01-01 17:00:25.338383,put,7250,2020-01-10 08:00:00,83.2,0.031,0.0275,13.3,43.58,0.032,21.9,50.92,0.02925487,46.44,SYN.BTC-10JAN20,7239.12,-0.49415,0.00077,4.43897,-11.95129,-0.89535
deribit,BTC-31JAN20-7500-P,2020-01-01 17:00:25.338,2020-01-01 17:00:25.346381,put,7500,2020-01-31 08:00:00,202.4,0.085,0.0775,12.0,52.06,0.085,4.0,58.71,0.08187816,55.94,SYN.BTC-31JAN20,7266.36,-0.54731,0.00034,8.20051,-7.74276,-3.71079
deribit,BTC-10JAN20-7250-P,2020-01-01 17:01:04.119,2020-01-01 17:01:04.127385,put,7250,2020-01-10 08:00:00,83.2,0.031,0.028,34.9,44.38,0.031,0.2,49.27,0.02927214,46.5,SYN.BTC-10JAN20,7238.96,-0.49425,0.00077,4.43871,-11.96634,-0.8955
deribit,BTC-3JAN20-7250-P,2020-01-01 17:01:24.738,2020-01-01 17:01:24.747136,put,7250,2020-01-03 08:00:00,266.5,0.0145,0.011,23.5,35.28,0.014,0.1,46.61,0.01320639,43.59,SYN.BTC-3JAN20,7228.04,-0.53576,0.00189,1.91588,-25.71008,-0.17658
deribit,BTC-3JAN20-7250-P,2020-01-01 17:01:24.741,2020-01-01 17:01:24.749142,put,7250,2020-01-03 08:00:00,266.5,0.0145,0.011,23.5,35.28,0.0145,18.0,48.49,0.01320639,43.59,SYN.BTC-3JAN20,7228.04,-0.53576,0.00189,1.91588,-25.71008,-0.17658
deribit,BTC-10JAN20-7250-P,2020-01-01 17:01:35.505,2020-01-01 17:01:35.513710,put,7250,2020-01-10 08:00:00,83.2,0.031,0.0285,18.0,44.95,0.031,0.2,49.02,0.02942001,46.45,SYN.BTC-10JAN20,7236.83,-0.49591,0.00077,4.43746,-11.95195,-0.89822
deribit,BTC-31JAN20-7500-P,2020-01-01 17:01:38.344,2020-01-01 17:01:38.352621,put,7500,2020-01-31 08:00:00,202.4,0.085,0.0785,8.0,52.64,0.0855,4.0,58.85,0.08217153,55.92,SYN.BTC-31JAN20,7262.42,-0.5487,0.00034,8.19241,-7.73289,-3.71866
deribit,BTC-10JAN20-7250-P,2020-01-01 17:02:02.995,2020-01-01 17:02:03.006374,put,7250,2020-01-10 08:00:00,83.2,0.031,0.0285,35.5,44.25,0.03,0.2,46.69,0.02984924,46.45,SYN.BTC-10JAN20,7230.97,-0.50045,0.00077,4.43409,-11.94131,-0.90597
deribit,BTC-10JAN20-7250-P,2020-01-01 17:02:03.540,2020-01-01 17:02:03.548466,put,7250,2020-01-10 08:00:00,83.2,0.031,0.029,18.0,45.06,0.03,0.2,46.69,0.02984924,46.45,SYN.BTC-10JAN20,7230.97,-0.50045,0.00077,4.43409,-11.94131,-0.90597
deribit,BTC-10JAN20-7250-C,2020-01-01 17:10:33.265,2020-01-01 17:10:42.081726,call,7250,2020-01-10 08:00:00,219.2,0.028,0.025,36.7,42.68,0.0285,36.4,48.39,0.02722766,46.31,SYN.BTC-10JAN20,7232.57,0.5007,0.00078,4.43346,-11.91309,0.80848
deribit,BTC-3JAN20-7250-P,2020-01-01 17:10:34.445,2020-01-01 17:10:34.453532,put,7250,2020-01-03 08:00:00,266.5,0.0145,0.013,1.0,41.32,0.0145,0.1,47.0,0.01363951,43.74,SYN.BTC-3JAN20,7222.51,-0.54613,0.00188,1.90519,-25.76305,-0.17915
deribit,BTC-31JAN20-7500-P,2020-01-01 17:11:50.028,2020-01-01 17:11:50.050977,put,7500,2020-01-31 08:00:00,202.4,0.085,0.078,4.0,52.45,0.0855,10.0,59.1,0.08220625,56.18,SYN.BTC-31JAN20,7265.61,-0.54711,0.00034,8.19901,-7.77688,-3.7101
deribit,BTC-10JAN20-7250-P,2020-01-01 17:11:50.058,2020-01-01 17:11:50.066055,put,7250,2020-01-10 08:00:00,83.2,0.03,0.0275,5.0,43.54,0.031,0.2,49.26,0.02920022,46.32,SYN.BTC-10JAN20,7238.63,-0.4946,0.00077,4.4366,-11.92446,-0.8951
deribit,BTC-31JAN20-7500-P,2020-01-01 17:11:50.203,2020-01-01 17:11:50.211816,put,7500,2020-01-31 08:00:00,202.4,0.085,0.078,4.0,52.45,0.085,14.4,58.66,0.08220522,56.18,SYN.BTC-31JAN20,7265.61,-0.54711,0.00034,8.19901,-7.77688,-3.7101
deribit,BTC-3JAN20-7250-P,2020-01-01 17:12:58.078,2020-01-01 17:12:58.091148,put,7250,2020-01-03 08:00:00,266.5,0.0145,0.013,1.0,43.36,0.014,0.1,47.14,0.01311663,43.8,SYN.BTC-3JAN20,7229.5,-0.53291,0.00189,1.91253,-25.92157,-0.17477
deribit,BTC-31JAN20-7500-P,2020-01-01 17:13:03.805,2020-01-01 17:13:03.813419,put,7500,2020-01-31 08:00:00,202.4,0.085,0.0775,12.0,52.09,0.0855,18.0,59.18,0.08206421,56.14,SYN.BTC-31JAN20,7266.7,-0.54683,0.00034,8.20084,-7.77299,-3.70805
deribit,BTC-10JAN20-7250-P,2020-01-01 17:31:32.818,2020-01-01 17:31:32.841067,put,7250,2020-01-10 08:00:00,83.2,0.03,0.027,5.0,42.53,0.031,0.2,49.06,0.02926502,46.24,SYN.BTC-10JAN20,7236.65,-0.49619,0.00078,4.43201,-11.91226,-0.89625
deribit,BTC-10JAN20-7250-C,2020-01-01 17:33:33.731,2020-01-01 17:33:55.671479,call,7250,2020-01-10 08:00:00,219.2,0.028,0.0255,33.0,43.34,0.0275,0.5,46.61,0.02726728,46.23,SYN.BTC-10JAN20,7234.38,0.50203,0.00078,4.43041,-11.905,0.80938
deribit,BTC-10JAN20-7250-C,2020-01-01 17:39:59.132,2020-01-01 17:43:36.403152,call,7250,2020-01-10 08:00:00,219.2,0.028,0.025,33.9,42.76,0.0275,0.5,46.84,0.02698883,46.01,SYN.BTC-10JAN20,7232.32,0.50029,0.00078,4.42741,-11.85097,0.806
deribit,BTC-10JAN20-7250-C,2020-01-01 17:48:25.046,2020-01-01 17:48:25.054384,call,7250,2020-01-10 08:00:00,219.2,0.028,0.026,15.0,44.01,0.0275,1.0,46.46,0.02717143,45.92,SYN.BTC-10JAN20,7236.01,0.50312,0.00078,4.42882,-11.83622,0.81067
deribit,BTC-31JAN20-7500-P,2020-01-01 18:55:56.410,2020-01-01 18:55:56.430731,put,7500,2020-01-31 08:00:00,202.4,0.085,0.081,14.4,54.6,0.0865,32.4,59.48,0.08275187,56.16,SYN.BTC-31JAN20,7258.09,-0.54987,0.00034,8.1736,-7.76799,-3.71661
deribit,BTC-10JAN20-7250-C,2020-01-01 21:08:52.094,2020-01-01 21:08:52.118816,call,7250,2020-01-10 08:00:00,219.2,0.028,0.0265,18.0,45.59,0.0275,1.0,47.23,0.02718238,46.71,SYN.BTC-10JAN20,7232.36,0.50051,0.00078,4.39061,-12.13222,0.7927
deribit,BTC-10JAN20-7250-P,2020-01-01 21:13:07.713,2020-01-01 21:13:07.721126,put,7250,2020-01-10 08:00:00,83.2,0.03,0.0305,18.0,47.02,0.031,0.4,47.84,0.03036874,46.8,SYN.BTC-10JAN20,7222.93,-0.50675,0.00078,4.38355,-12.14092,-0.89807
deribit,BTC-10JAN20-7250-P,2020-01-01 22:13:27.062,2020-01-01 22:13:27.076833,put,7250,2020-01-10 08:00:00,83.2,0.031,0.029,8.0,42.7,0.035,29.7,52.62,0.03197059,47.62,SYN.BTC-10JAN20,7207.24,-0.51823,0.00077,4.35929,-12.34444,-0.91343
deribit,BTC-10JAN20-7250-P,2020-01-01 22:13:27.076,2020-01-01 22:13:27.094120,put,7250,2020-01-10 08:00:00,83.2,0.031,0.0295,13.3,43.53,0.035,29.7,52.62,0.03197059,47.62,SYN.BTC-10JAN20,7207.24,-0.51823,0.00077,4.35929,-12.34444,-0.91343
deribit,BTC-10JAN20-7250-P,2020-01-01 22:13:27.157,2020-01-01 22:13:27.173920,put,7250,2020-01-10 08:00:00,83.2,0.031,0.03,8.0,44.36,0.035,29.7,52.63,0.03197059,47.62,SYN.BTC-10JAN20,7207.31,-0.51818,0.00077,4.35936,-12.34562,-0.91334
deribit,BTC-10JAN20-7250-P,2020-01-01 22:30:13.167,2020-01-01 22:30:13.175535,put,7250,2020-01-10 08:00:00,83.2,0.031,0.031,18.0,45.95,0.032,1.0,47.61,0.03229465,48.09,SYN.BTC-10JAN20,7206.55,-0.51832,0.00076,4.35577,-12.47576,-0.91274
deribit,BTC-10JAN20-7250-P,2020-01-01 22:54:57.530,2020-01-01 22:54:57.539925,put,7250,2020-01-10 08:00:00,83.2,0.032,0.033,18.0,46.98,0.036,8.0,51.96,0.03393462,48.54,SYN.BTC-10JAN20,7188.45,-0.53155,0.00075,4.33131,-12.54553,-0.93311
deribit,BTC-31JAN20-7000-C,2020-01-01 23:11:22.215,2020-01-01 23:11:22.223735,call,7000,2020-01-31 08:00:00,242.2,0.078,0.075,36.9,54.16,0.0785,20.0,57.35,0.07806135,56.95,SYN.BTC-31JAN20,7196.23,0.59945,0.00033,7.88898,-7.64957,3.01882
deribit,BTC-10JAN20-7250-P,2020-01-01 23:14:20.559,2020-01-01 23:14:20.567420,put,7250,2020-01-10 08:00:00,83.2,0.032,0.0345,18.0,46.89,0.035,0.4,47.72,0.03521359,48.04,SYN.BTC-10JAN20,7168.73,-0.54722,0.00076,4.29922,-12.34485,-0.95689
deribit,BTC-31JAN20-7000-C,2020-01-01 23:14:29.662,2020-01-01 23:14:29.670443,call,7000,2020-01-31 08:00:00,242.2,0.078,0.075,36.9,54.29,0.078,20.0,57.02,0.07788296,56.92,SYN.BTC-31JAN20,7194.34,0.59884,0.00033,7.88973,-7.64619,3.01533
